{
    "rmse": 0.6953434996225546,
    "mae": 0.5407411837056212,
    "r2": 0.2581756243069442
}